1300,0,11.0.0.14,11.0.0.21
1300,0,11.0.0.14,11.0.0.21
1300,0,11.0.0.14,11.0.0.29
1300,0,11.0.0.14,11.0.0.29
1300,7,11.0.0.14,11.0.0.16
1300,7,11.0.0.14,11.0.0.11
1300,7,11.0.0.14,11.0.0.11
1300,8,11.0.0.14,11.0.0.11
1300,8,11.0.0.14,11.0.0.16
1300,8,11.0.0.14,11.0.0.16
1300,9,11.0.0.14,11.0.0.29
1300,9,11.0.0.14,11.0.0.16
1300,9,11.0.0.14,11.0.0.16
1300,9,11.0.0.14,11.0.0.16
1300,11,11.0.0.14,11.0.0.21
1300,11,11.0.0.14,11.0.0.21
1300,11,11.0.0.14,11.0.0.21
1300,11,11.0.0.14,11.0.0.29
1300,12,11.0.0.14,11.0.0.11
1300,12,11.0.0.14,11.0.0.11
1300,14,11.0.0.14,11.0.0.29
1300,14,11.0.0.14,11.0.0.29
1300,15,11.0.0.14,11.0.0.11
1300,15,11.0.0.14,11.0.0.21
1300,15,11.0.0.14,11.0.0.11
1300,15,11.0.0.14,11.0.0.11
1300,15,11.0.0.14,11.0.0.21
1300,16,11.0.0.14,11.0.0.11
1300,16,11.0.0.14,11.0.0.11
1300,16,11.0.0.14,11.0.0.21
1300,16,11.0.0.14,11.0.0.21
1300,17,11.0.0.14,11.0.0.16
1300,17,11.0.0.14,11.0.0.16
1300,18,11.0.0.14,11.0.0.11
1300,18,11.0.0.14,11.0.0.11
1300,19,11.0.0.14,11.0.0.29
1300,19,11.0.0.14,11.0.0.29
1300,19,11.0.0.14,11.0.0.21
1300,19,11.0.0.14,11.0.0.21
1300,19,11.0.0.14,11.0.0.21
1300,19,11.0.0.14,11.0.0.29
1300,20,11.0.0.14,11.0.0.29
1300,20,11.0.0.14,11.0.0.29
1300,20,11.0.0.14,11.0.0.21
1300,20,11.0.0.14,11.0.0.21
1300,20,11.0.0.14,11.0.0.21
1300,20,11.0.0.14,11.0.0.29
1300,21,11.0.0.14,11.0.0.21
1300,21,11.0.0.14,11.0.0.21
1300,22,11.0.0.14,11.0.0.16
1300,22,11.0.0.14,11.0.0.16
1300,22,11.0.0.14,11.0.0.29
1300,22,11.0.0.14,11.0.0.29
1300,22,11.0.0.14,11.0.0.29
1300,23,11.0.0.14,11.0.0.21
1300,23,11.0.0.14,11.0.0.16
1300,23,11.0.0.14,11.0.0.16
1300,23,11.0.0.14,11.0.0.21
1300,24,11.0.0.14,11.0.0.29
1300,24,11.0.0.14,11.0.0.21
1300,24,11.0.0.14,11.0.0.21
1300,24,11.0.0.14,11.0.0.29
1300,25,11.0.0.14,11.0.0.29
1300,25,11.0.0.14,11.0.0.11
1300,25,11.0.0.14,11.0.0.29
1300,26,11.0.0.14,11.0.0.29
1300,26,11.0.0.14,11.0.0.11
1300,26,11.0.0.14,11.0.0.29
1300,26,11.0.0.14,11.0.0.11
1300,27,11.0.0.14,11.0.0.21
1300,27,11.0.0.14,11.0.0.21
1300,27,11.0.0.14,11.0.0.21
1300,28,11.0.0.14,11.0.0.21
1300,28,11.0.0.14,11.0.0.21
1300,30,11.0.0.14,11.0.0.16
1300,30,11.0.0.14,11.0.0.29
1300,30,11.0.0.14,11.0.0.29
1300,31,11.0.0.14,11.0.0.21
1300,31,11.0.0.14,11.0.0.29
1300,31,11.0.0.14,11.0.0.29
1300,32,11.0.0.14,11.0.0.29
1300,32,11.0.0.14,11.0.0.16
1300,32,11.0.0.14,11.0.0.16
1300,32,11.0.0.14,11.0.0.29
1300,32,11.0.0.14,11.0.0.16
1300,34,11.0.0.14,11.0.0.21
1300,34,11.0.0.14,11.0.0.21
1300,34,11.0.0.14,11.0.0.11
1300,34,11.0.0.14,11.0.0.21
1300,35,11.0.0.14,11.0.0.11
1300,35,11.0.0.14,11.0.0.16
1300,35,11.0.0.14,11.0.0.11
1300,35,11.0.0.14,11.0.0.11
1300,35,11.0.0.14,11.0.0.16
1300,36,11.0.0.14,11.0.0.11
1300,36,11.0.0.14,11.0.0.11
1300,36,11.0.0.14,11.0.0.11
1300,37,11.0.0.14,11.0.0.16
1300,37,11.0.0.14,11.0.0.16
1300,37,11.0.0.14,11.0.0.11
1300,37,11.0.0.14,11.0.0.11
1300,38,11.0.0.14,11.0.0.16
1300,38,11.0.0.14,11.0.0.16
1300,38,11.0.0.14,11.0.0.16
1300,38,11.0.0.14,11.0.0.29
1300,39,11.0.0.14,11.0.0.11
1300,39,11.0.0.14,11.0.0.29
1300,39,11.0.0.14,11.0.0.11
1300,39,11.0.0.14,11.0.0.29
1300,40,11.0.0.14,11.0.0.29
1300,40,11.0.0.14,11.0.0.21
1300,40,11.0.0.14,11.0.0.29
1300,40,11.0.0.14,11.0.0.21
1300,41,11.0.0.14,11.0.0.21
1300,41,11.0.0.14,11.0.0.21
1300,42,11.0.0.14,11.0.0.11
1300,42,11.0.0.14,11.0.0.11
1300,42,11.0.0.14,11.0.0.11
1300,43,11.0.0.14,11.0.0.16
1300,43,11.0.0.14,11.0.0.16
1300,43,11.0.0.14,11.0.0.16
1300,44,11.0.0.14,11.0.0.16
1300,44,11.0.0.14,11.0.0.16
1300,46,11.0.0.14,11.0.0.29
1300,46,11.0.0.14,11.0.0.21
1300,46,11.0.0.14,11.0.0.29
1300,46,11.0.0.14,11.0.0.21
1300,47,11.0.0.14,11.0.0.21
1300,47,11.0.0.14,11.0.0.21
1300,48,11.0.0.14,11.0.0.21
1300,48,11.0.0.14,11.0.0.21
1300,48,11.0.0.14,11.0.0.21
1300,48,11.0.0.14,11.0.0.29
1300,48,11.0.0.14,11.0.0.29
1300,50,11.0.0.14,11.0.0.16
1300,50,11.0.0.14,11.0.0.16
1300,50,11.0.0.14,11.0.0.11
1300,51,11.0.0.14,11.0.0.21
1300,51,11.0.0.14,11.0.0.29
1300,51,11.0.0.14,11.0.0.21
1300,52,11.0.0.14,11.0.0.11
1300,52,11.0.0.14,11.0.0.11
1300,52,11.0.0.14,11.0.0.16
1300,52,11.0.0.14,11.0.0.11
1300,52,11.0.0.14,11.0.0.16
1300,52,11.0.0.14,11.0.0.16
1300,53,11.0.0.14,11.0.0.11
1300,53,11.0.0.14,11.0.0.29
1300,53,11.0.0.14,11.0.0.11
1300,53,11.0.0.14,11.0.0.11
1300,54,11.0.0.14,11.0.0.11
1300,54,11.0.0.14,11.0.0.29
1300,54,11.0.0.14,11.0.0.29
1300,55,11.0.0.14,11.0.0.16
1300,55,11.0.0.14,11.0.0.29
1300,55,11.0.0.14,11.0.0.29
1300,55,11.0.0.14,11.0.0.16
1300,55,11.0.0.14,11.0.0.29
1300,56,11.0.0.14,11.0.0.11
1300,56,11.0.0.14,11.0.0.11
1300,57,11.0.0.14,11.0.0.29
1300,57,11.0.0.14,11.0.0.29
1300,58,11.0.0.14,11.0.0.16
1300,58,11.0.0.14,11.0.0.21
1300,58,11.0.0.14,11.0.0.21
1300,59,11.0.0.14,11.0.0.29
1300,59,11.0.0.14,11.0.0.29
1300,60,11.0.0.14,11.0.0.16
1300,60,11.0.0.14,11.0.0.21
1300,60,11.0.0.14,11.0.0.21
1300,60,11.0.0.14,11.0.0.16
1300,60,11.0.0.14,11.0.0.21
1300,60,11.0.0.14,11.0.0.16
1300,61,11.0.0.14,11.0.0.16
1300,61,11.0.0.14,11.0.0.16
1300,62,11.0.0.14,11.0.0.11
1300,62,11.0.0.14,11.0.0.21
1300,62,11.0.0.14,11.0.0.11
1300,63,11.0.0.14,11.0.0.21
1300,65,11.0.0.14,11.0.0.29
1300,67,11.0.0.14,11.0.0.16
1300,67,11.0.0.14,11.0.0.16
1300,67,11.0.0.14,11.0.0.16
1300,69,11.0.0.14,11.0.0.16
1300,69,11.0.0.14,11.0.0.16
1300,69,11.0.0.14,11.0.0.16
1300,70,11.0.0.14,11.0.0.16
1300,70,11.0.0.14,11.0.0.16
1300,70,11.0.0.14,11.0.0.16
1300,73,11.0.0.14,11.0.0.11
1300,73,11.0.0.14,11.0.0.11
1300,73,11.0.0.14,11.0.0.11
1300,75,11.0.0.14,11.0.0.11
1300,77,11.0.0.14,11.0.0.16
1300,77,11.0.0.14,11.0.0.11
1300,78,11.0.0.14,11.0.0.29
1300,78,11.0.0.14,11.0.0.29
1300,78,11.0.0.14,11.0.0.16
1300,79,11.0.0.14,11.0.0.21
1300,79,11.0.0.14,11.0.0.21
1300,79,11.0.0.14,11.0.0.29
1300,81,11.0.0.14,11.0.0.16
1300,81,11.0.0.14,11.0.0.16
1300,81,11.0.0.14,11.0.0.11
1300,81,11.0.0.14,11.0.0.11
1300,81,11.0.0.14,11.0.0.11
1300,83,11.0.0.14,11.0.0.21
1300,83,11.0.0.14,11.0.0.21
1300,83,11.0.0.14,11.0.0.11
1300,83,11.0.0.14,11.0.0.11
1300,83,11.0.0.14,11.0.0.21
1300,83,11.0.0.14,11.0.0.11
1300,85,11.0.0.14,11.0.0.11
1300,86,11.0.0.14,11.0.0.11
1300,86,11.0.0.14,11.0.0.11
1300,87,11.0.0.14,11.0.0.21
1300,87,11.0.0.14,11.0.0.29
1300,87,11.0.0.14,11.0.0.21
1300,87,11.0.0.14,11.0.0.21
1300,89,11.0.0.14,11.0.0.29
1300,89,11.0.0.14,11.0.0.29
1300,92,11.0.0.14,11.0.0.21
1300,92,11.0.0.14,11.0.0.29
1300,92,11.0.0.14,11.0.0.21
1300,92,11.0.0.14,11.0.0.29
1300,92,11.0.0.14,11.0.0.29
1300,92,11.0.0.14,11.0.0.21
1300,93,11.0.0.14,11.0.0.21
1300,93,11.0.0.14,11.0.0.21
1300,93,11.0.0.14,11.0.0.21
1300,94,11.0.0.14,11.0.0.21
1300,94,11.0.0.14,11.0.0.21
1300,95,11.0.0.14,11.0.0.11
1300,95,11.0.0.14,11.0.0.11
1300,96,11.0.0.14,11.0.0.21
1300,96,11.0.0.14,11.0.0.16
1300,96,11.0.0.14,11.0.0.16
1300,96,11.0.0.14,11.0.0.21
1300,97,11.0.0.14,11.0.0.11
1300,97,11.0.0.14,11.0.0.11
1300,97,11.0.0.14,11.0.0.16
1300,97,11.0.0.14,11.0.0.16
1300,98,11.0.0.14,11.0.0.21
1300,98,11.0.0.14,11.0.0.21
1300,100,11.0.0.14,11.0.0.16
1300,100,11.0.0.14,11.0.0.11
1300,100,11.0.0.14,11.0.0.11
1300,101,11.0.0.14,11.0.0.29
1300,101,11.0.0.14,11.0.0.29
1300,102,11.0.0.14,11.0.0.21
1300,102,11.0.0.14,11.0.0.21
1300,103,11.0.0.14,11.0.0.11
1300,104,11.0.0.14,11.0.0.16
1300,105,11.0.0.14,11.0.0.21
1300,105,11.0.0.14,11.0.0.21
1300,105,11.0.0.14,11.0.0.21
1300,105,11.0.0.14,11.0.0.29
1300,107,11.0.0.14,11.0.0.11
1300,107,11.0.0.14,11.0.0.11
1300,107,11.0.0.14,11.0.0.29
1300,107,11.0.0.14,11.0.0.11
1300,107,11.0.0.14,11.0.0.29
1300,108,11.0.0.14,11.0.0.16
1300,108,11.0.0.14,11.0.0.16
1300,108,11.0.0.14,11.0.0.11
1300,108,11.0.0.14,11.0.0.11
1300,108,11.0.0.14,11.0.0.16
1300,108,11.0.0.14,11.0.0.11
1300,109,11.0.0.14,11.0.0.11
1300,109,11.0.0.14,11.0.0.29
1300,109,11.0.0.14,11.0.0.11
1300,109,11.0.0.14,11.0.0.29
1300,111,11.0.0.14,11.0.0.16
1300,111,11.0.0.14,11.0.0.16
1300,111,11.0.0.14,11.0.0.16
1300,112,11.0.0.14,11.0.0.11
1300,112,11.0.0.14,11.0.0.11
1300,112,11.0.0.14,11.0.0.11
1300,112,11.0.0.14,11.0.0.21
1300,113,11.0.0.14,11.0.0.29
1300,113,11.0.0.14,11.0.0.11
1300,115,11.0.0.14,11.0.0.29
1300,115,11.0.0.14,11.0.0.21
1300,115,11.0.0.14,11.0.0.21
1300,116,11.0.0.14,11.0.0.11
1300,116,11.0.0.14,11.0.0.29
1300,116,11.0.0.14,11.0.0.29
1300,116,11.0.0.14,11.0.0.11
1300,116,11.0.0.14,11.0.0.11
1300,117,11.0.0.14,11.0.0.29
1300,119,11.0.0.14,11.0.0.11
1300,119,11.0.0.14,11.0.0.11
1300,119,11.0.0.14,11.0.0.21
1300,119,11.0.0.14,11.0.0.11
1300,119,11.0.0.14,11.0.0.21
1300,119,11.0.0.14,11.0.0.21
1300,120,11.0.0.14,11.0.0.21
1300,120,11.0.0.14,11.0.0.21
1300,120,11.0.0.14,11.0.0.21
1300,121,11.0.0.14,11.0.0.29
1300,121,11.0.0.14,11.0.0.29
1300,121,11.0.0.14,11.0.0.29
1300,123,11.0.0.14,11.0.0.16
1300,123,11.0.0.14,11.0.0.16
1300,123,11.0.0.14,11.0.0.16
1300,124,11.0.0.14,11.0.0.21
1300,124,11.0.0.14,11.0.0.29
1300,124,11.0.0.14,11.0.0.29
1300,125,11.0.0.14,11.0.0.29
1300,125,11.0.0.14,11.0.0.11
1300,126,11.0.0.14,11.0.0.16
1300,126,11.0.0.14,11.0.0.21
1300,126,11.0.0.14,11.0.0.21
1300,130,11.0.0.14,11.0.0.16
1300,130,11.0.0.14,11.0.0.16
1300,130,11.0.0.14,11.0.0.16
1300,132,11.0.0.14,11.0.0.16
1300,132,11.0.0.14,11.0.0.16
1300,132,11.0.0.14,11.0.0.16
1300,133,11.0.0.14,11.0.0.29
1300,133,11.0.0.14,11.0.0.29
1300,133,11.0.0.14,11.0.0.29
1300,136,11.0.0.14,11.0.0.21
1300,136,11.0.0.14,11.0.0.21
1300,136,11.0.0.14,11.0.0.21
1300,138,11.0.0.14,11.0.0.21
1300,138,11.0.0.14,11.0.0.21
1300,139,11.0.0.14,11.0.0.11
1300,139,11.0.0.14,11.0.0.21
1300,139,11.0.0.14,11.0.0.11
1300,139,11.0.0.14,11.0.0.21
1300,141,11.0.0.14,11.0.0.29
1300,141,11.0.0.14,11.0.0.16
1300,141,11.0.0.14,11.0.0.29
1300,141,11.0.0.14,11.0.0.16
1300,142,11.0.0.14,11.0.0.29
1300,142,11.0.0.14,11.0.0.21
1300,142,11.0.0.14,11.0.0.29
1300,142,11.0.0.14,11.0.0.21
1300,142,11.0.0.14,11.0.0.21
1300,143,11.0.0.14,11.0.0.16
1300,143,11.0.0.14,11.0.0.11
1300,143,11.0.0.14,11.0.0.16
1300,143,11.0.0.14,11.0.0.11
1300,143,11.0.0.14,11.0.0.16
1300,145,11.0.0.14,11.0.0.21
1300,145,11.0.0.14,11.0.0.21
1300,145,11.0.0.14,11.0.0.11
1300,145,11.0.0.14,11.0.0.11
1300,145,11.0.0.14,11.0.0.11
1300,147,11.0.0.14,11.0.0.29
1300,147,11.0.0.14,11.0.0.29
1300,147,11.0.0.14,11.0.0.21
1300,147,11.0.0.14,11.0.0.29
1300,147,11.0.0.14,11.0.0.21
1300,149,11.0.0.14,11.0.0.16
1300,149,11.0.0.14,11.0.0.16
1300,150,11.0.0.14,11.0.0.11
1300,150,11.0.0.14,11.0.0.16
1300,151,11.0.0.14,11.0.0.11
1300,151,11.0.0.14,11.0.0.11
1300,153,11.0.0.14,11.0.0.16
1300,153,11.0.0.14,11.0.0.16
1300,156,11.0.0.14,11.0.0.11
1300,156,11.0.0.14,11.0.0.16
1300,156,11.0.0.14,11.0.0.16
1300,156,11.0.0.14,11.0.0.11
1300,156,11.0.0.14,11.0.0.11
1300,157,11.0.0.14,11.0.0.11
1300,157,11.0.0.14,11.0.0.21
1300,157,11.0.0.14,11.0.0.21
1300,157,11.0.0.14,11.0.0.11
1300,158,11.0.0.14,11.0.0.11
1300,158,11.0.0.14,11.0.0.16
1300,158,11.0.0.14,11.0.0.16
1300,158,11.0.0.14,11.0.0.16
1300,158,11.0.0.14,11.0.0.11
1300,159,11.0.0.14,11.0.0.16
1300,160,11.0.0.14,11.0.0.21
1300,160,11.0.0.14,11.0.0.11
1300,160,11.0.0.14,11.0.0.11
1300,160,11.0.0.14,11.0.0.21
1300,164,11.0.0.14,11.0.0.16
1300,164,11.0.0.14,11.0.0.29
1300,164,11.0.0.14,11.0.0.29
1300,165,11.0.0.14,11.0.0.29
1300,165,11.0.0.14,11.0.0.21
1300,165,11.0.0.14,11.0.0.29
1300,165,11.0.0.14,11.0.0.29
1300,165,11.0.0.14,11.0.0.21
1300,166,11.0.0.14,11.0.0.11
1300,166,11.0.0.14,11.0.0.16
1300,167,11.0.0.14,11.0.0.21
1300,168,11.0.0.14,11.0.0.16
1300,168,11.0.0.14,11.0.0.29
1300,168,11.0.0.14,11.0.0.16
1300,170,11.0.0.14,11.0.0.21
1300,170,11.0.0.14,11.0.0.21
1300,170,11.0.0.14,11.0.0.21
1300,171,11.0.0.14,11.0.0.11
1300,171,11.0.0.14,11.0.0.16
1300,171,11.0.0.14,11.0.0.16
1300,171,11.0.0.14,11.0.0.16
1300,171,11.0.0.14,11.0.0.11
1300,173,11.0.0.14,11.0.0.16
1300,173,11.0.0.14,11.0.0.21
1300,173,11.0.0.14,11.0.0.21
1300,173,11.0.0.14,11.0.0.16
1300,175,11.0.0.14,11.0.0.16
1300,175,11.0.0.14,11.0.0.16
1300,179,11.0.0.14,11.0.0.16
1300,179,11.0.0.14,11.0.0.21
1300,179,11.0.0.14,11.0.0.21
1300,179,11.0.0.14,11.0.0.16
1300,179,11.0.0.14,11.0.0.21
1300,180,11.0.0.14,11.0.0.29
1300,180,11.0.0.14,11.0.0.29
1300,181,11.0.0.14,11.0.0.16
1300,181,11.0.0.14,11.0.0.21
1300,181,11.0.0.14,11.0.0.21
1300,181,11.0.0.14,11.0.0.16
1300,182,11.0.0.14,11.0.0.11
1300,182,11.0.0.14,11.0.0.11
1300,182,11.0.0.14,11.0.0.11
1300,183,11.0.0.14,11.0.0.29
1300,183,11.0.0.14,11.0.0.11
1300,183,11.0.0.14,11.0.0.29
1300,183,11.0.0.14,11.0.0.11
1300,184,11.0.0.14,11.0.0.21
1300,184,11.0.0.14,11.0.0.21
1300,184,11.0.0.14,11.0.0.21
1300,185,11.0.0.14,11.0.0.21
1300,185,11.0.0.14,11.0.0.21
1300,185,11.0.0.14,11.0.0.29
1300,185,11.0.0.14,11.0.0.21
1300,186,11.0.0.14,11.0.0.29
1300,186,11.0.0.14,11.0.0.16
1300,186,11.0.0.14,11.0.0.29
1300,186,11.0.0.14,11.0.0.29
1300,188,11.0.0.14,11.0.0.16
1300,188,11.0.0.14,11.0.0.16
1300,188,11.0.0.14,11.0.0.16
1300,189,11.0.0.14,11.0.0.21
1300,189,11.0.0.14,11.0.0.21
1300,191,11.0.0.14,11.0.0.29
1300,191,11.0.0.14,11.0.0.29
1300,191,11.0.0.14,11.0.0.21
1300,191,11.0.0.14,11.0.0.29
1300,191,11.0.0.14,11.0.0.21
1300,193,11.0.0.14,11.0.0.16
1300,193,11.0.0.14,11.0.0.29
1300,193,11.0.0.14,11.0.0.16
1300,193,11.0.0.14,11.0.0.29
1300,193,11.0.0.14,11.0.0.29
1300,194,11.0.0.14,11.0.0.21
1300,195,11.0.0.14,11.0.0.16
1300,195,11.0.0.14,11.0.0.16
1300,196,11.0.0.14,11.0.0.29
1300,196,11.0.0.14,11.0.0.16
1300,196,11.0.0.14,11.0.0.16
1300,198,11.0.0.14,11.0.0.21
1300,199,11.0.0.14,11.0.0.21
1300,199,11.0.0.14,11.0.0.29
1300,199,11.0.0.14,11.0.0.29
1300,199,11.0.0.14,11.0.0.21
1300,199,11.0.0.14,11.0.0.29
1300,201,11.0.0.14,11.0.0.21
1300,201,11.0.0.14,11.0.0.21
1300,202,11.0.0.14,11.0.0.16
1300,202,11.0.0.14,11.0.0.16
1300,203,11.0.0.14,11.0.0.21
1300,203,11.0.0.14,11.0.0.29
1300,203,11.0.0.14,11.0.0.29
1300,204,11.0.0.14,11.0.0.21
1300,204,11.0.0.14,11.0.0.21
1300,204,11.0.0.14,11.0.0.21
1300,206,11.0.0.14,11.0.0.29
1300,206,11.0.0.14,11.0.0.29
1300,207,11.0.0.14,11.0.0.21
1300,207,11.0.0.14,11.0.0.21
1300,207,11.0.0.14,11.0.0.29
1300,207,11.0.0.14,11.0.0.29
1300,208,11.0.0.14,11.0.0.16
1300,208,11.0.0.14,11.0.0.11
1300,208,11.0.0.14,11.0.0.16
1300,208,11.0.0.14,11.0.0.11
1300,210,11.0.0.14,11.0.0.29
1300,210,11.0.0.14,11.0.0.29
1300,210,11.0.0.14,11.0.0.11
1300,210,11.0.0.14,11.0.0.11
1300,212,11.0.0.14,11.0.0.21
1300,212,11.0.0.14,11.0.0.21
1300,212,11.0.0.14,11.0.0.21
1300,214,11.0.0.14,11.0.0.21
1300,214,11.0.0.14,11.0.0.29
1300,214,11.0.0.14,11.0.0.29
1300,214,11.0.0.14,11.0.0.21
1300,214,11.0.0.14,11.0.0.29
1300,214,11.0.0.14,11.0.0.21
1300,216,11.0.0.14,11.0.0.21
1300,216,11.0.0.14,11.0.0.21
1300,219,11.0.0.14,11.0.0.21
1300,219,11.0.0.14,11.0.0.21
1300,219,11.0.0.14,11.0.0.21
1300,221,11.0.0.14,11.0.0.21
1300,221,11.0.0.14,11.0.0.21
1300,221,11.0.0.14,11.0.0.21
1300,223,11.0.0.14,11.0.0.21
1300,223,11.0.0.14,11.0.0.21
1300,223,11.0.0.14,11.0.0.21
1300,224,11.0.0.14,11.0.0.29
1300,224,11.0.0.14,11.0.0.29
1300,224,11.0.0.14,11.0.0.29
1300,224,11.0.0.14,11.0.0.11
1300,224,11.0.0.14,11.0.0.11
1300,225,11.0.0.14,11.0.0.29
1300,225,11.0.0.14,11.0.0.29
1300,226,11.0.0.14,11.0.0.16
1300,226,11.0.0.14,11.0.0.16
1300,229,11.0.0.14,11.0.0.29
1300,229,11.0.0.14,11.0.0.21
1300,229,11.0.0.14,11.0.0.21
1300,229,11.0.0.14,11.0.0.29
1300,229,11.0.0.14,11.0.0.21
1300,230,11.0.0.14,11.0.0.11
1300,230,11.0.0.14,11.0.0.16
1300,230,11.0.0.14,11.0.0.11
1300,230,11.0.0.14,11.0.0.16
1300,230,11.0.0.14,11.0.0.16
1300,230,11.0.0.14,11.0.0.11
1300,231,11.0.0.14,11.0.0.29
1300,231,11.0.0.14,11.0.0.21
1300,231,11.0.0.14,11.0.0.29
1300,231,11.0.0.14,11.0.0.21
1300,232,11.0.0.14,11.0.0.11
1300,232,11.0.0.14,11.0.0.11
1300,232,11.0.0.14,11.0.0.16
1300,234,11.0.0.14,11.0.0.11
1300,234,11.0.0.14,11.0.0.21
1300,235,11.0.0.14,11.0.0.11
1300,235,11.0.0.14,11.0.0.16
1300,235,11.0.0.14,11.0.0.16
1300,235,11.0.0.14,11.0.0.11
1300,237,11.0.0.14,11.0.0.16
1300,237,11.0.0.14,11.0.0.16
1300,237,11.0.0.14,11.0.0.16
1300,237,11.0.0.14,11.0.0.21
1300,238,11.0.0.14,11.0.0.16
1300,238,11.0.0.14,11.0.0.16
1300,238,11.0.0.14,11.0.0.16
1300,239,11.0.0.14,11.0.0.29
1300,239,11.0.0.14,11.0.0.21
1300,239,11.0.0.14,11.0.0.21
1300,240,11.0.0.14,11.0.0.21
1300,240,11.0.0.14,11.0.0.21
1300,240,11.0.0.14,11.0.0.21
1300,241,11.0.0.14,11.0.0.21
1300,241,11.0.0.14,11.0.0.21
1300,241,11.0.0.14,11.0.0.21
1300,242,11.0.0.14,11.0.0.21
1300,242,11.0.0.14,11.0.0.21
1300,242,11.0.0.14,11.0.0.21
1300,243,11.0.0.14,11.0.0.29
1300,243,11.0.0.14,11.0.0.29
1300,244,11.0.0.14,11.0.0.11
1300,244,11.0.0.14,11.0.0.11
1300,245,11.0.0.14,11.0.0.21
1300,245,11.0.0.14,11.0.0.29
1300,245,11.0.0.14,11.0.0.29
1300,245,11.0.0.14,11.0.0.29
1300,246,11.0.0.14,11.0.0.29
1300,247,11.0.0.14,11.0.0.29
1300,247,11.0.0.14,11.0.0.29
1300,247,11.0.0.14,11.0.0.29
1300,247,11.0.0.14,11.0.0.16
1300,247,11.0.0.14,11.0.0.16
1300,249,11.0.0.14,11.0.0.29
1300,249,11.0.0.14,11.0.0.29
1300,249,11.0.0.14,11.0.0.29
1300,250,11.0.0.14,11.0.0.21
1300,250,11.0.0.14,11.0.0.21
1300,251,11.0.0.14,11.0.0.11
1300,251,11.0.0.14,11.0.0.11
1300,251,11.0.0.14,11.0.0.11
1300,251,11.0.0.14,11.0.0.16
1300,253,11.0.0.14,11.0.0.16
1300,253,11.0.0.14,11.0.0.11
1300,256,11.0.0.14,11.0.0.11
1300,256,11.0.0.14,11.0.0.11
1300,256,11.0.0.14,11.0.0.11
1300,257,11.0.0.14,11.0.0.11
1300,257,11.0.0.14,11.0.0.11
1300,258,11.0.0.14,11.0.0.16
1300,258,11.0.0.14,11.0.0.16
1300,258,11.0.0.14,11.0.0.16
1300,259,11.0.0.14,11.0.0.11
1300,259,11.0.0.14,11.0.0.11
1300,259,11.0.0.14,11.0.0.11
1300,260,11.0.0.14,11.0.0.21
1300,260,11.0.0.14,11.0.0.21
1300,261,11.0.0.14,11.0.0.11
1300,261,11.0.0.14,11.0.0.21
1300,261,11.0.0.14,11.0.0.11
1300,263,11.0.0.14,11.0.0.16
1300,263,11.0.0.14,11.0.0.21
1300,263,11.0.0.14,11.0.0.21
1300,263,11.0.0.14,11.0.0.16
1300,263,11.0.0.14,11.0.0.16
1300,264,11.0.0.14,11.0.0.21
1300,264,11.0.0.14,11.0.0.11
1300,264,11.0.0.14,11.0.0.21
1300,264,11.0.0.14,11.0.0.21
1300,265,11.0.0.14,11.0.0.11
1300,265,11.0.0.14,11.0.0.11
1300,265,11.0.0.14,11.0.0.16
1300,266,11.0.0.14,11.0.0.21
1300,266,11.0.0.14,11.0.0.21
1300,266,11.0.0.14,11.0.0.21
1300,267,11.0.0.14,11.0.0.21
1300,267,11.0.0.14,11.0.0.21
1300,267,11.0.0.14,11.0.0.29
1300,267,11.0.0.14,11.0.0.29
1300,267,11.0.0.14,11.0.0.21
1300,268,11.0.0.14,11.0.0.21
1300,268,11.0.0.14,11.0.0.21
1300,268,11.0.0.14,11.0.0.16
1300,268,11.0.0.14,11.0.0.21
1300,268,11.0.0.14,11.0.0.16
1300,269,11.0.0.14,11.0.0.11
1300,269,11.0.0.14,11.0.0.29
1300,269,11.0.0.14,11.0.0.11
1300,269,11.0.0.14,11.0.0.29
1300,269,11.0.0.14,11.0.0.11
1300,270,11.0.0.14,11.0.0.16
1300,270,11.0.0.14,11.0.0.16
1300,270,11.0.0.14,11.0.0.16
1300,271,11.0.0.14,11.0.0.21
1300,271,11.0.0.14,11.0.0.21
1300,271,11.0.0.14,11.0.0.16
1300,272,11.0.0.14,11.0.0.21
1300,272,11.0.0.14,11.0.0.21
1300,272,11.0.0.14,11.0.0.11
1300,272,11.0.0.14,11.0.0.11
1300,273,11.0.0.14,11.0.0.29
1300,273,11.0.0.14,11.0.0.29
1300,273,11.0.0.14,11.0.0.11
1300,273,11.0.0.14,11.0.0.29
1300,274,11.0.0.14,11.0.0.29
1300,274,11.0.0.14,11.0.0.29
1300,274,11.0.0.14,11.0.0.21
1300,274,11.0.0.14,11.0.0.21
1300,274,11.0.0.14,11.0.0.21
1300,274,11.0.0.14,11.0.0.29
1300,275,11.0.0.14,11.0.0.29
1300,275,11.0.0.14,11.0.0.29
1300,280,11.0.0.14,11.0.0.11
1300,280,11.0.0.14,11.0.0.11
1300,280,11.0.0.14,11.0.0.11
1300,280,11.0.0.14,11.0.0.16
1300,281,11.0.0.14,11.0.0.29
1300,281,11.0.0.14,11.0.0.11
1300,281,11.0.0.14,11.0.0.11
1300,281,11.0.0.14,11.0.0.29
1300,281,11.0.0.14,11.0.0.29
1300,284,11.0.0.14,11.0.0.21
1300,284,11.0.0.14,11.0.0.21
1300,284,11.0.0.14,11.0.0.21
1300,286,11.0.0.14,11.0.0.11
1300,286,11.0.0.14,11.0.0.11
1300,287,11.0.0.14,11.0.0.11
1300,287,11.0.0.14,11.0.0.16
1300,287,11.0.0.14,11.0.0.16
1300,287,11.0.0.14,11.0.0.11
1300,288,11.0.0.14,11.0.0.16
1300,289,11.0.0.14,11.0.0.16
1300,289,11.0.0.14,11.0.0.29
1300,289,11.0.0.14,11.0.0.29
1300,290,11.0.0.14,11.0.0.29
1300,290,11.0.0.14,11.0.0.29
1300,290,11.0.0.14,11.0.0.29
1300,291,11.0.0.14,11.0.0.11
1300,291,11.0.0.14,11.0.0.29
1300,291,11.0.0.14,11.0.0.29
1300,291,11.0.0.14,11.0.0.11
1300,291,11.0.0.14,11.0.0.29
1300,292,11.0.0.14,11.0.0.11
1300,292,11.0.0.14,11.0.0.16
1300,292,11.0.0.14,11.0.0.11
1300,294,11.0.0.14,11.0.0.29
1300,294,11.0.0.14,11.0.0.29
1300,294,11.0.0.14,11.0.0.29
1300,295,11.0.0.14,11.0.0.16
1300,295,11.0.0.14,11.0.0.16
1300,295,11.0.0.14,11.0.0.21
1300,295,11.0.0.14,11.0.0.16
1300,295,11.0.0.14,11.0.0.21
1300,296,11.0.0.14,11.0.0.29
1300,296,11.0.0.14,11.0.0.29
1300,298,11.0.0.14,11.0.0.16
1300,298,11.0.0.14,11.0.0.16
1300,299,11.0.0.14,11.0.0.11
1300,302,11.0.0.14,11.0.0.11
1300,302,11.0.0.14,11.0.0.11
1300,302,11.0.0.14,11.0.0.11
1300,303,11.0.0.14,11.0.0.29
1300,303,11.0.0.14,11.0.0.29
1300,303,11.0.0.14,11.0.0.29
1300,303,11.0.0.14,11.0.0.11
1300,303,11.0.0.14,11.0.0.11
1300,303,11.0.0.14,11.0.0.11
1300,306,11.0.0.14,11.0.0.29
1300,306,11.0.0.14,11.0.0.29
1300,307,11.0.0.14,11.0.0.11
1300,307,11.0.0.14,11.0.0.11
1300,307,11.0.0.14,11.0.0.11
1300,308,11.0.0.14,11.0.0.21
1300,308,11.0.0.14,11.0.0.16
1300,308,11.0.0.14,11.0.0.16
1300,308,11.0.0.14,11.0.0.16
1300,309,11.0.0.14,11.0.0.16
1300,310,11.0.0.14,11.0.0.29
1300,310,11.0.0.14,11.0.0.21
1300,310,11.0.0.14,11.0.0.21
1300,310,11.0.0.14,11.0.0.29
1300,311,11.0.0.14,11.0.0.11
1300,311,11.0.0.14,11.0.0.11
1300,313,11.0.0.14,11.0.0.29
1300,313,11.0.0.14,11.0.0.29
1300,313,11.0.0.14,11.0.0.11
1300,315,11.0.0.14,11.0.0.11
1300,315,11.0.0.14,11.0.0.16
1300,315,11.0.0.14,11.0.0.16
1300,315,11.0.0.14,11.0.0.11
1300,315,11.0.0.14,11.0.0.16
1300,316,11.0.0.14,11.0.0.16
1300,316,11.0.0.14,11.0.0.16
1300,319,11.0.0.14,11.0.0.16
1300,319,11.0.0.14,11.0.0.11
1300,319,11.0.0.14,11.0.0.16
1300,319,11.0.0.14,11.0.0.16
1300,320,11.0.0.14,11.0.0.29
1300,320,11.0.0.14,11.0.0.29
1300,320,11.0.0.14,11.0.0.29
1300,321,11.0.0.14,11.0.0.16
1300,321,11.0.0.14,11.0.0.29
1300,321,11.0.0.14,11.0.0.29
1300,321,11.0.0.14,11.0.0.16
1300,322,11.0.0.14,11.0.0.21
1300,322,11.0.0.14,11.0.0.21
1300,322,11.0.0.14,11.0.0.21
1300,322,11.0.0.14,11.0.0.11
1300,322,11.0.0.14,11.0.0.11
1300,324,11.0.0.14,11.0.0.29
1300,324,11.0.0.14,11.0.0.29
1300,324,11.0.0.14,11.0.0.29
1300,325,11.0.0.14,11.0.0.16
1300,325,11.0.0.14,11.0.0.16
1300,325,11.0.0.14,11.0.0.16
1300,326,11.0.0.14,11.0.0.21
1300,326,11.0.0.14,11.0.0.29
1300,326,11.0.0.14,11.0.0.29
1300,327,11.0.0.14,11.0.0.11
1300,327,11.0.0.14,11.0.0.11
1300,331,11.0.0.14,11.0.0.16
1300,331,11.0.0.14,11.0.0.29
1300,331,11.0.0.14,11.0.0.29
1300,331,11.0.0.14,11.0.0.16
1300,331,11.0.0.14,11.0.0.16
1300,331,11.0.0.14,11.0.0.29
1300,332,11.0.0.14,11.0.0.29
1300,332,11.0.0.14,11.0.0.29
1300,333,11.0.0.14,11.0.0.21
1300,333,11.0.0.14,11.0.0.11
1300,333,11.0.0.14,11.0.0.21
1300,333,11.0.0.14,11.0.0.11
1300,335,11.0.0.14,11.0.0.29
1300,335,11.0.0.14,11.0.0.16
1300,335,11.0.0.14,11.0.0.29
1300,335,11.0.0.14,11.0.0.16
1300,335,11.0.0.14,11.0.0.29
1300,340,11.0.0.14,11.0.0.11
1300,340,11.0.0.14,11.0.0.11
1300,343,11.0.0.14,11.0.0.21
1300,343,11.0.0.14,11.0.0.21
1300,344,11.0.0.14,11.0.0.29
1300,344,11.0.0.14,11.0.0.29
1300,344,11.0.0.14,11.0.0.29
1300,345,11.0.0.14,11.0.0.11
1300,345,11.0.0.14,11.0.0.21
1300,345,11.0.0.14,11.0.0.11
1300,345,11.0.0.14,11.0.0.21
1300,345,11.0.0.14,11.0.0.21
1300,346,11.0.0.14,11.0.0.11
1300,346,11.0.0.14,11.0.0.11
1300,346,11.0.0.14,11.0.0.11
1300,347,11.0.0.14,11.0.0.21
1300,348,11.0.0.14,11.0.0.16
1300,348,11.0.0.14,11.0.0.21
1300,348,11.0.0.14,11.0.0.21
1300,348,11.0.0.14,11.0.0.21
1300,349,11.0.0.14,11.0.0.29
1300,349,11.0.0.14,11.0.0.11
1300,349,11.0.0.14,11.0.0.29
1300,351,11.0.0.14,11.0.0.16
1300,351,11.0.0.14,11.0.0.29
1300,351,11.0.0.14,11.0.0.16
1300,351,11.0.0.14,11.0.0.29
1300,352,11.0.0.14,11.0.0.16
1300,352,11.0.0.14,11.0.0.11
1300,352,11.0.0.14,11.0.0.11
1300,352,11.0.0.14,11.0.0.16
1300,353,11.0.0.14,11.0.0.21
1300,353,11.0.0.14,11.0.0.21
1300,353,11.0.0.14,11.0.0.21
1300,355,11.0.0.14,11.0.0.21
1300,355,11.0.0.14,11.0.0.11
1300,356,11.0.0.14,11.0.0.11
1300,356,11.0.0.14,11.0.0.21
1300,356,11.0.0.14,11.0.0.21
1300,357,11.0.0.14,11.0.0.11
1300,357,11.0.0.14,11.0.0.11
1300,358,11.0.0.14,11.0.0.11
1300,358,11.0.0.14,11.0.0.11
1300,359,11.0.0.14,11.0.0.21
1300,359,11.0.0.14,11.0.0.21
1300,360,11.0.0.14,11.0.0.29
1300,361,11.0.0.14,11.0.0.11
1300,363,11.0.0.14,11.0.0.21
1300,363,11.0.0.14,11.0.0.21
1300,363,11.0.0.14,11.0.0.21
1300,365,11.0.0.14,11.0.0.11
1300,365,11.0.0.14,11.0.0.11
1300,365,11.0.0.14,11.0.0.11
1300,366,11.0.0.14,11.0.0.16
1300,366,11.0.0.14,11.0.0.29
1300,367,11.0.0.14,11.0.0.11
1300,367,11.0.0.14,11.0.0.21
1300,368,11.0.0.14,11.0.0.21
1300,368,11.0.0.14,11.0.0.21
1300,368,11.0.0.14,11.0.0.21
1300,370,11.0.0.14,11.0.0.11
1300,370,11.0.0.14,11.0.0.11
1300,372,11.0.0.14,11.0.0.11
1300,372,11.0.0.14,11.0.0.11
1300,373,11.0.0.14,11.0.0.29
1300,374,11.0.0.14,11.0.0.21
1300,374,11.0.0.14,11.0.0.21
1300,374,11.0.0.14,11.0.0.21
1300,374,11.0.0.14,11.0.0.16
1300,375,11.0.0.14,11.0.0.21
1300,375,11.0.0.14,11.0.0.29
1300,378,11.0.0.14,11.0.0.29
1300,378,11.0.0.14,11.0.0.11
1300,378,11.0.0.14,11.0.0.29
1300,378,11.0.0.14,11.0.0.29
1300,378,11.0.0.14,11.0.0.11
1300,382,11.0.0.14,11.0.0.21
1300,383,11.0.0.14,11.0.0.11
1300,383,11.0.0.14,11.0.0.11
1300,384,11.0.0.14,11.0.0.21
1300,385,11.0.0.14,11.0.0.21
1300,385,11.0.0.14,11.0.0.21
1300,385,11.0.0.14,11.0.0.21
1300,391,11.0.0.14,11.0.0.16
1300,391,11.0.0.14,11.0.0.16
1300,391,11.0.0.14,11.0.0.16
1300,392,11.0.0.14,11.0.0.21
1300,392,11.0.0.14,11.0.0.16
1300,392,11.0.0.14,11.0.0.21
1300,392,11.0.0.14,11.0.0.16
1300,392,11.0.0.14,11.0.0.21
1300,393,11.0.0.14,11.0.0.29
1300,393,11.0.0.14,11.0.0.16
1300,393,11.0.0.14,11.0.0.16
1300,393,11.0.0.14,11.0.0.29
1300,395,11.0.0.14,11.0.0.11
1300,395,11.0.0.14,11.0.0.11
1300,396,11.0.0.14,11.0.0.11
1300,396,11.0.0.14,11.0.0.21
1300,396,11.0.0.14,11.0.0.21
1300,396,11.0.0.14,11.0.0.11
1300,396,11.0.0.14,11.0.0.11
1300,397,11.0.0.14,11.0.0.16
1300,397,11.0.0.14,11.0.0.29
1300,397,11.0.0.14,11.0.0.16
1300,398,11.0.0.14,11.0.0.16
1300,398,11.0.0.14,11.0.0.16
1300,398,11.0.0.14,11.0.0.16
1300,399,11.0.0.14,11.0.0.29
1300,399,11.0.0.14,11.0.0.29
1300,400,11.0.0.14,11.0.0.16
1300,400,11.0.0.14,11.0.0.16
1300,400,11.0.0.14,11.0.0.11
1300,400,11.0.0.14,11.0.0.11
1300,401,11.0.0.14,11.0.0.11
1300,401,11.0.0.14,11.0.0.21
1300,401,11.0.0.14,11.0.0.11
1300,401,11.0.0.14,11.0.0.21
1300,401,11.0.0.14,11.0.0.11
1300,403,11.0.0.14,11.0.0.29
1300,403,11.0.0.14,11.0.0.29
1300,404,11.0.0.14,11.0.0.11
1300,404,11.0.0.14,11.0.0.11
1300,404,11.0.0.14,11.0.0.29
1300,404,11.0.0.14,11.0.0.11
1300,406,11.0.0.14,11.0.0.21
1300,407,11.0.0.14,11.0.0.21
1300,407,11.0.0.14,11.0.0.11
1300,407,11.0.0.14,11.0.0.21
1300,407,11.0.0.14,11.0.0.11
1300,409,11.0.0.14,11.0.0.29
1300,409,11.0.0.14,11.0.0.16
1300,409,11.0.0.14,11.0.0.16
1300,411,11.0.0.14,11.0.0.16
1300,411,11.0.0.14,11.0.0.11
1300,411,11.0.0.14,11.0.0.11
1300,411,11.0.0.14,11.0.0.11
1300,411,11.0.0.14,11.0.0.16
1300,412,11.0.0.14,11.0.0.16
1300,412,11.0.0.14,11.0.0.16
1300,412,11.0.0.14,11.0.0.29
1300,413,11.0.0.14,11.0.0.16
1300,413,11.0.0.14,11.0.0.11
1300,414,11.0.0.14,11.0.0.11
1300,414,11.0.0.14,11.0.0.11
1300,414,11.0.0.14,11.0.0.29
1300,416,11.0.0.14,11.0.0.29
1300,416,11.0.0.14,11.0.0.29
1300,416,11.0.0.14,11.0.0.29
1300,417,11.0.0.14,11.0.0.11
1300,417,11.0.0.14,11.0.0.11
1300,417,11.0.0.14,11.0.0.21
1300,417,11.0.0.14,11.0.0.11
1300,418,11.0.0.14,11.0.0.21
1300,418,11.0.0.14,11.0.0.21
1300,418,11.0.0.14,11.0.0.21
1300,419,11.0.0.14,11.0.0.11
1300,419,11.0.0.14,11.0.0.11
1300,419,11.0.0.14,11.0.0.11
1300,420,11.0.0.14,11.0.0.29
1300,420,11.0.0.14,11.0.0.29
1300,420,11.0.0.14,11.0.0.29
1300,420,11.0.0.14,11.0.0.11
1300,422,11.0.0.14,11.0.0.21
1300,422,11.0.0.14,11.0.0.21
1300,422,11.0.0.14,11.0.0.21
1300,422,11.0.0.14,11.0.0.16
1300,423,11.0.0.14,11.0.0.11
1300,423,11.0.0.14,11.0.0.16
1300,423,11.0.0.14,11.0.0.11
1300,424,11.0.0.14,11.0.0.11
1300,425,11.0.0.14,11.0.0.21
1300,425,11.0.0.14,11.0.0.11
1300,425,11.0.0.14,11.0.0.21
1300,425,11.0.0.14,11.0.0.11
1300,427,11.0.0.14,11.0.0.11
1300,427,11.0.0.14,11.0.0.11
1300,427,11.0.0.14,11.0.0.21
1300,427,11.0.0.14,11.0.0.21
1300,428,11.0.0.14,11.0.0.16
1300,428,11.0.0.14,11.0.0.29
1300,428,11.0.0.14,11.0.0.29
1300,429,11.0.0.14,11.0.0.11
1300,430,11.0.0.14,11.0.0.21
1300,430,11.0.0.14,11.0.0.21
1300,431,11.0.0.14,11.0.0.16
1300,434,11.0.0.14,11.0.0.21
1300,434,11.0.0.14,11.0.0.21
1300,434,11.0.0.14,11.0.0.21
1300,434,11.0.0.14,11.0.0.11
1300,434,11.0.0.14,11.0.0.11
1300,435,11.0.0.14,11.0.0.29
1300,435,11.0.0.14,11.0.0.29
1300,435,11.0.0.14,11.0.0.11
1300,436,11.0.0.14,11.0.0.16
1300,436,11.0.0.14,11.0.0.16
1300,436,11.0.0.14,11.0.0.29
1300,436,11.0.0.14,11.0.0.29
1300,436,11.0.0.14,11.0.0.29
1300,437,11.0.0.14,11.0.0.29
1300,437,11.0.0.14,11.0.0.11
1300,437,11.0.0.14,11.0.0.29
1300,437,11.0.0.14,11.0.0.11
1300,438,11.0.0.14,11.0.0.21
1300,438,11.0.0.14,11.0.0.21
1300,438,11.0.0.14,11.0.0.21
1300,439,11.0.0.14,11.0.0.16
1300,439,11.0.0.14,11.0.0.16
1300,439,11.0.0.14,11.0.0.11
1300,441,11.0.0.14,11.0.0.16
1300,441,11.0.0.14,11.0.0.16
1300,441,11.0.0.14,11.0.0.11
1300,441,11.0.0.14,11.0.0.16
1300,443,11.0.0.14,11.0.0.29
1300,443,11.0.0.14,11.0.0.29
1300,444,11.0.0.14,11.0.0.21
1300,444,11.0.0.14,11.0.0.21
1300,444,11.0.0.14,11.0.0.21
1300,445,11.0.0.14,11.0.0.11
1300,445,11.0.0.14,11.0.0.11
1300,445,11.0.0.14,11.0.0.11
1300,446,11.0.0.14,11.0.0.21
1300,446,11.0.0.14,11.0.0.29
1300,448,11.0.0.14,11.0.0.21
1300,448,11.0.0.14,11.0.0.21
1300,449,11.0.0.14,11.0.0.29
1300,449,11.0.0.14,11.0.0.21
1300,449,11.0.0.14,11.0.0.21
1300,450,11.0.0.14,11.0.0.16
1300,450,11.0.0.14,11.0.0.16
1300,451,11.0.0.14,11.0.0.29
1300,451,11.0.0.14,11.0.0.29
1300,451,11.0.0.14,11.0.0.16
1300,451,11.0.0.14,11.0.0.16
1300,451,11.0.0.14,11.0.0.16
1300,451,11.0.0.14,11.0.0.29
1300,452,11.0.0.14,11.0.0.16
1300,454,11.0.0.14,11.0.0.16
1300,454,11.0.0.14,11.0.0.16
1300,454,11.0.0.14,11.0.0.16
1300,456,11.0.0.14,11.0.0.16
1300,456,11.0.0.14,11.0.0.16
1300,457,11.0.0.14,11.0.0.11
1300,457,11.0.0.14,11.0.0.11
1300,460,11.0.0.14,11.0.0.29
1300,460,11.0.0.14,11.0.0.29
1300,460,11.0.0.14,11.0.0.11
1300,460,11.0.0.14,11.0.0.11
1300,460,11.0.0.14,11.0.0.11
1300,461,11.0.0.14,11.0.0.16
1300,461,11.0.0.14,11.0.0.16
1300,461,11.0.0.14,11.0.0.21
1300,461,11.0.0.14,11.0.0.16
1300,462,11.0.0.14,11.0.0.29
1300,462,11.0.0.14,11.0.0.29
1300,464,11.0.0.14,11.0.0.11
1300,465,11.0.0.14,11.0.0.29
1300,465,11.0.0.14,11.0.0.29
1300,465,11.0.0.14,11.0.0.21
1300,465,11.0.0.14,11.0.0.21
1300,465,11.0.0.14,11.0.0.21
1300,467,11.0.0.14,11.0.0.29
1300,467,11.0.0.14,11.0.0.29
1300,468,11.0.0.14,11.0.0.11
1300,468,11.0.0.14,11.0.0.11
1300,468,11.0.0.14,11.0.0.29
1300,468,11.0.0.14,11.0.0.11
1300,469,11.0.0.14,11.0.0.11
1300,469,11.0.0.14,11.0.0.11
1300,469,11.0.0.14,11.0.0.21
1300,469,11.0.0.14,11.0.0.21
1300,470,11.0.0.14,11.0.0.21
1300,470,11.0.0.14,11.0.0.11
1300,470,11.0.0.14,11.0.0.11
1300,470,11.0.0.14,11.0.0.11
1300,470,11.0.0.14,11.0.0.21
1300,471,11.0.0.14,11.0.0.21
1300,471,11.0.0.14,11.0.0.21
1300,472,11.0.0.14,11.0.0.29
1300,472,11.0.0.14,11.0.0.29
1300,472,11.0.0.14,11.0.0.29
1300,473,11.0.0.14,11.0.0.11
1300,473,11.0.0.14,11.0.0.21
1300,474,11.0.0.14,11.0.0.11
1300,474,11.0.0.14,11.0.0.29
1300,474,11.0.0.14,11.0.0.11
1300,474,11.0.0.14,11.0.0.29
1300,475,11.0.0.14,11.0.0.16
1300,475,11.0.0.14,11.0.0.29
1300,475,11.0.0.14,11.0.0.16
1300,475,11.0.0.14,11.0.0.29
1300,477,11.0.0.14,11.0.0.11
1300,478,11.0.0.14,11.0.0.29
1300,478,11.0.0.14,11.0.0.29
1300,479,11.0.0.14,11.0.0.16
1300,479,11.0.0.14,11.0.0.16
1300,480,11.0.0.14,11.0.0.21
1300,481,11.0.0.14,11.0.0.11
1300,481,11.0.0.14,11.0.0.11
1300,481,11.0.0.14,11.0.0.11
1300,482,11.0.0.14,11.0.0.29
1300,482,11.0.0.14,11.0.0.11
1300,482,11.0.0.14,11.0.0.11
1300,486,11.0.0.14,11.0.0.11
1300,486,11.0.0.14,11.0.0.21
1300,486,11.0.0.14,11.0.0.11
1300,486,11.0.0.14,11.0.0.21
1300,487,11.0.0.14,11.0.0.21
1300,488,11.0.0.14,11.0.0.11
1300,488,11.0.0.14,11.0.0.11
1300,488,11.0.0.14,11.0.0.11
1300,489,11.0.0.14,11.0.0.21
1300,489,11.0.0.14,11.0.0.11
1300,489,11.0.0.14,11.0.0.21
1300,489,11.0.0.14,11.0.0.11
1300,490,11.0.0.14,11.0.0.29
1300,490,11.0.0.14,11.0.0.16
1300,490,11.0.0.14,11.0.0.29
1300,490,11.0.0.14,11.0.0.16
1300,490,11.0.0.14,11.0.0.16
1300,491,11.0.0.14,11.0.0.11
1300,491,11.0.0.14,11.0.0.29
1300,491,11.0.0.14,11.0.0.29
1300,493,11.0.0.14,11.0.0.29
1300,493,11.0.0.14,11.0.0.29
1300,493,11.0.0.14,11.0.0.29
1300,495,11.0.0.14,11.0.0.21
1300,495,11.0.0.14,11.0.0.21
1300,496,11.0.0.14,11.0.0.21
1300,496,11.0.0.14,11.0.0.29
1300,496,11.0.0.14,11.0.0.29
1300,496,11.0.0.14,11.0.0.21
1300,496,11.0.0.14,11.0.0.29
1300,496,11.0.0.14,11.0.0.21
1300,497,11.0.0.14,11.0.0.29
1300,501,11.0.0.14,11.0.0.16
1300,502,11.0.0.14,11.0.0.29
1300,502,11.0.0.14,11.0.0.11
1300,502,11.0.0.14,11.0.0.11
1300,502,11.0.0.14,11.0.0.11
1300,502,11.0.0.14,11.0.0.29
1300,507,11.0.0.14,11.0.0.29
1300,507,11.0.0.14,11.0.0.29
1300,508,11.0.0.14,11.0.0.21
1300,508,11.0.0.14,11.0.0.11
1300,508,11.0.0.14,11.0.0.11
1300,508,11.0.0.14,11.0.0.21
1300,508,11.0.0.14,11.0.0.11
1300,509,11.0.0.14,11.0.0.21
1300,509,11.0.0.14,11.0.0.21
1300,510,11.0.0.14,11.0.0.16
1300,510,11.0.0.14,11.0.0.16
1300,510,11.0.0.14,11.0.0.16
1300,511,11.0.0.14,11.0.0.21
1300,511,11.0.0.14,11.0.0.21
1300,514,11.0.0.14,11.0.0.29
1300,514,11.0.0.14,11.0.0.29
1300,514,11.0.0.14,11.0.0.29
1300,515,11.0.0.14,11.0.0.16
1300,515,11.0.0.14,11.0.0.11
1300,515,11.0.0.14,11.0.0.11
1300,515,11.0.0.14,11.0.0.16
1300,517,11.0.0.14,11.0.0.21
1300,517,11.0.0.14,11.0.0.21
1300,519,11.0.0.14,11.0.0.16
1300,519,11.0.0.14,11.0.0.16
1300,519,11.0.0.14,11.0.0.16
1300,520,11.0.0.14,11.0.0.11
1300,520,11.0.0.14,11.0.0.16
1300,524,11.0.0.14,11.0.0.16
1300,524,11.0.0.14,11.0.0.16
1300,524,11.0.0.14,11.0.0.16
1300,527,11.0.0.14,11.0.0.16
1300,527,11.0.0.14,11.0.0.16
1300,527,11.0.0.14,11.0.0.29
1300,527,11.0.0.14,11.0.0.16
1300,528,11.0.0.14,11.0.0.21
1300,528,11.0.0.14,11.0.0.21
1300,528,11.0.0.14,11.0.0.21
1300,529,11.0.0.14,11.0.0.21
1300,529,11.0.0.14,11.0.0.29
1300,529,11.0.0.14,11.0.0.29
1300,531,11.0.0.14,11.0.0.29
1300,531,11.0.0.14,11.0.0.29
1300,531,11.0.0.14,11.0.0.21
1300,531,11.0.0.14,11.0.0.21
1300,531,11.0.0.14,11.0.0.21
1300,531,11.0.0.14,11.0.0.29
1300,536,11.0.0.14,11.0.0.16
1300,536,11.0.0.14,11.0.0.16
1300,536,11.0.0.14,11.0.0.16
1300,539,11.0.0.14,11.0.0.16
1300,539,11.0.0.14,11.0.0.11
1300,539,11.0.0.14,11.0.0.11
1300,539,11.0.0.14,11.0.0.16
1300,540,11.0.0.14,11.0.0.11
1300,541,11.0.0.14,11.0.0.11
1300,541,11.0.0.14,11.0.0.11
1300,543,11.0.0.14,11.0.0.29
1300,543,11.0.0.14,11.0.0.29
1300,543,11.0.0.14,11.0.0.21
1300,545,11.0.0.14,11.0.0.29
1300,545,11.0.0.14,11.0.0.29
1300,546,11.0.0.14,11.0.0.11
1300,546,11.0.0.14,11.0.0.21
1300,546,11.0.0.14,11.0.0.11
1300,546,11.0.0.14,11.0.0.21
1300,547,11.0.0.14,11.0.0.21
1300,548,11.0.0.14,11.0.0.11
1300,548,11.0.0.14,11.0.0.29
1300,548,11.0.0.14,11.0.0.29
1300,549,11.0.0.14,11.0.0.29
1300,549,11.0.0.14,11.0.0.29
1300,549,11.0.0.14,11.0.0.29
1300,549,11.0.0.14,11.0.0.21
1300,551,11.0.0.14,11.0.0.21
1300,551,11.0.0.14,11.0.0.29
1300,551,11.0.0.14,11.0.0.29
1300,551,11.0.0.14,11.0.0.21
1300,552,11.0.0.14,11.0.0.29
1300,552,11.0.0.14,11.0.0.29
1300,553,11.0.0.14,11.0.0.29
1300,553,11.0.0.14,11.0.0.29
1300,554,11.0.0.14,11.0.0.16
1300,554,11.0.0.14,11.0.0.16
1300,555,11.0.0.14,11.0.0.21
1300,555,11.0.0.14,11.0.0.21
1300,555,11.0.0.14,11.0.0.21
1300,556,11.0.0.14,11.0.0.11
1300,557,11.0.0.14,11.0.0.21
1300,557,11.0.0.14,11.0.0.21
1300,558,11.0.0.14,11.0.0.16
1300,559,11.0.0.14,11.0.0.29
1300,560,11.0.0.14,11.0.0.16
1300,560,11.0.0.14,11.0.0.21
1300,560,11.0.0.14,11.0.0.21
1300,560,11.0.0.14,11.0.0.16
1300,561,11.0.0.14,11.0.0.21
1300,561,11.0.0.14,11.0.0.29
1300,562,11.0.0.14,11.0.0.21
1300,562,11.0.0.14,11.0.0.21
1300,563,11.0.0.14,11.0.0.29
1300,564,11.0.0.14,11.0.0.29
1300,565,11.0.0.14,11.0.0.16
1300,565,11.0.0.14,11.0.0.16
1300,565,11.0.0.14,11.0.0.21
1300,565,11.0.0.14,11.0.0.21
1300,567,11.0.0.14,11.0.0.21
1300,567,11.0.0.14,11.0.0.21
1300,567,11.0.0.14,11.0.0.29
1300,568,11.0.0.14,11.0.0.11
1300,568,11.0.0.14,11.0.0.11
1300,572,11.0.0.14,11.0.0.16
1300,572,11.0.0.14,11.0.0.16
1300,572,11.0.0.14,11.0.0.29
1300,572,11.0.0.14,11.0.0.16
1300,572,11.0.0.14,11.0.0.29
1300,575,11.0.0.14,11.0.0.16
1300,575,11.0.0.14,11.0.0.16
1300,575,11.0.0.14,11.0.0.21
1300,575,11.0.0.14,11.0.0.21
1300,575,11.0.0.14,11.0.0.16
1300,576,11.0.0.14,11.0.0.16
1300,576,11.0.0.14,11.0.0.16
1300,576,11.0.0.14,11.0.0.16
1300,577,11.0.0.14,11.0.0.29
1300,577,11.0.0.14,11.0.0.11
1300,578,11.0.0.14,11.0.0.11
1300,578,11.0.0.14,11.0.0.29
1300,578,11.0.0.14,11.0.0.29
1300,578,11.0.0.14,11.0.0.11
1300,578,11.0.0.14,11.0.0.29
1300,578,11.0.0.14,11.0.0.11
1300,579,11.0.0.14,11.0.0.11
1300,579,11.0.0.14,11.0.0.11
1300,581,11.0.0.14,11.0.0.16
1300,581,11.0.0.14,11.0.0.16
1300,582,11.0.0.14,11.0.0.29
1300,583,11.0.0.14,11.0.0.21
1300,583,11.0.0.14,11.0.0.16
1300,583,11.0.0.14,11.0.0.21
1300,583,11.0.0.14,11.0.0.16
1300,583,11.0.0.14,11.0.0.16
1300,586,11.0.0.14,11.0.0.16
1300,586,11.0.0.14,11.0.0.11
1300,586,11.0.0.14,11.0.0.16
1300,587,11.0.0.14,11.0.0.16
1300,587,11.0.0.14,11.0.0.16
1300,587,11.0.0.14,11.0.0.16
1300,588,11.0.0.14,11.0.0.29
1300,589,11.0.0.14,11.0.0.11
1300,589,11.0.0.14,11.0.0.11
1300,592,11.0.0.14,11.0.0.11
1300,598,11.0.0.14,11.0.0.11
1300,598,11.0.0.14,11.0.0.16
1300,598,11.0.0.14,11.0.0.16
1300,598,11.0.0.14,11.0.0.11
1300,598,11.0.0.14,11.0.0.16
1300,599,11.0.0.14,11.0.0.11
1300,599,11.0.0.14,11.0.0.11
1300,600,11.0.0.14,11.0.0.21
1300,600,11.0.0.14,11.0.0.21
1300,600,11.0.0.14,11.0.0.16
1300,600,11.0.0.14,11.0.0.16
1300,603,11.0.0.14,11.0.0.11
1300,603,11.0.0.14,11.0.0.11
1300,604,11.0.0.14,11.0.0.11
1300,604,11.0.0.14,11.0.0.16
1300,604,11.0.0.14,11.0.0.16
1300,606,11.0.0.14,11.0.0.11
1300,609,11.0.0.14,11.0.0.11
1300,609,11.0.0.14,11.0.0.11
1300,610,11.0.0.14,11.0.0.29
1300,610,11.0.0.14,11.0.0.29
1300,611,11.0.0.14,11.0.0.21
1300,614,11.0.0.14,11.0.0.29
1300,614,11.0.0.14,11.0.0.16
1300,614,11.0.0.14,11.0.0.29
1300,614,11.0.0.14,11.0.0.16
1300,616,11.0.0.14,11.0.0.16
1300,616,11.0.0.14,11.0.0.16
1300,616,11.0.0.14,11.0.0.16
1300,617,11.0.0.14,11.0.0.29
1300,617,11.0.0.14,11.0.0.29
1300,617,11.0.0.14,11.0.0.16
1300,618,11.0.0.14,11.0.0.21
1300,618,11.0.0.14,11.0.0.11
1300,618,11.0.0.14,11.0.0.21
1300,618,11.0.0.14,11.0.0.11
1300,619,11.0.0.14,11.0.0.29
1300,619,11.0.0.14,11.0.0.16
1300,619,11.0.0.14,11.0.0.29
1300,620,11.0.0.14,11.0.0.21
1300,621,11.0.0.14,11.0.0.29
1300,621,11.0.0.14,11.0.0.29
1300,621,11.0.0.14,11.0.0.29
1300,622,11.0.0.14,11.0.0.29
1300,622,11.0.0.14,11.0.0.29
1300,622,11.0.0.14,11.0.0.29
1300,623,11.0.0.14,11.0.0.29
1300,623,11.0.0.14,11.0.0.21
1300,623,11.0.0.14,11.0.0.29
1300,623,11.0.0.14,11.0.0.29
1300,629,11.0.0.14,11.0.0.21
1300,629,11.0.0.14,11.0.0.11
1300,629,11.0.0.14,11.0.0.21
1300,629,11.0.0.14,11.0.0.11
1300,629,11.0.0.14,11.0.0.21
1300,630,11.0.0.14,11.0.0.29
1300,630,11.0.0.14,11.0.0.29
1300,631,11.0.0.14,11.0.0.11
1300,631,11.0.0.14,11.0.0.21
1300,631,11.0.0.14,11.0.0.21
1300,631,11.0.0.14,11.0.0.11
1300,631,11.0.0.14,11.0.0.11
1300,632,11.0.0.14,11.0.0.11
1300,632,11.0.0.14,11.0.0.11
1300,632,11.0.0.14,11.0.0.11
1300,634,11.0.0.14,11.0.0.21
1300,634,11.0.0.14,11.0.0.21
1300,635,11.0.0.14,11.0.0.16
1300,635,11.0.0.14,11.0.0.16
1300,635,11.0.0.14,11.0.0.29
1300,636,11.0.0.14,11.0.0.16
1300,636,11.0.0.14,11.0.0.16
1300,637,11.0.0.14,11.0.0.29
1300,637,11.0.0.14,11.0.0.29
1300,637,11.0.0.14,11.0.0.29
1300,638,11.0.0.14,11.0.0.21
1300,638,11.0.0.14,11.0.0.16
1300,638,11.0.0.14,11.0.0.21
1300,639,11.0.0.14,11.0.0.21
1300,639,11.0.0.14,11.0.0.21
1300,639,11.0.0.14,11.0.0.11
1300,639,11.0.0.14,11.0.0.11
1300,641,11.0.0.14,11.0.0.11
1300,641,11.0.0.14,11.0.0.16
1300,641,11.0.0.14,11.0.0.11
1300,642,11.0.0.14,11.0.0.21
1300,642,11.0.0.14,11.0.0.21
1300,642,11.0.0.14,11.0.0.16
1300,642,11.0.0.14,11.0.0.21
1300,642,11.0.0.14,11.0.0.16
1300,643,11.0.0.14,11.0.0.29
1300,643,11.0.0.14,11.0.0.29
1300,645,11.0.0.14,11.0.0.16
1300,645,11.0.0.14,11.0.0.21
1300,645,11.0.0.14,11.0.0.16
1300,645,11.0.0.14,11.0.0.16
1300,646,11.0.0.14,11.0.0.11
1300,647,11.0.0.14,11.0.0.11
1300,647,11.0.0.14,11.0.0.11
1300,647,11.0.0.14,11.0.0.11
1300,648,11.0.0.14,11.0.0.11
1300,648,11.0.0.14,11.0.0.29
1300,648,11.0.0.14,11.0.0.29
1300,648,11.0.0.14,11.0.0.11
1300,648,11.0.0.14,11.0.0.11
1300,649,11.0.0.14,11.0.0.29
1300,649,11.0.0.14,11.0.0.29
1300,649,11.0.0.14,11.0.0.16
1300,649,11.0.0.14,11.0.0.29
1300,650,11.0.0.14,11.0.0.21
1300,650,11.0.0.14,11.0.0.29
1300,650,11.0.0.14,11.0.0.21
1300,650,11.0.0.14,11.0.0.21
1300,651,11.0.0.14,11.0.0.16
1300,654,11.0.0.14,11.0.0.11
1300,654,11.0.0.14,11.0.0.11
1300,655,11.0.0.14,11.0.0.21
1300,655,11.0.0.14,11.0.0.11
1300,655,11.0.0.14,11.0.0.11
1300,657,11.0.0.14,11.0.0.16
1300,657,11.0.0.14,11.0.0.29
1300,657,11.0.0.14,11.0.0.16
1300,657,11.0.0.14,11.0.0.29
1300,657,11.0.0.14,11.0.0.16
1300,657,11.0.0.14,11.0.0.29
1300,658,11.0.0.14,11.0.0.21
1300,658,11.0.0.14,11.0.0.21
1300,659,11.0.0.14,11.0.0.29
1300,659,11.0.0.14,11.0.0.29
1300,660,11.0.0.14,11.0.0.21
1300,660,11.0.0.14,11.0.0.21
1300,660,11.0.0.14,11.0.0.21
1300,661,11.0.0.14,11.0.0.16
1300,661,11.0.0.14,11.0.0.16
1300,661,11.0.0.14,11.0.0.16
1300,664,11.0.0.14,11.0.0.16
1300,665,11.0.0.14,11.0.0.16
1300,665,11.0.0.14,11.0.0.16
1300,666,11.0.0.14,11.0.0.21
1300,666,11.0.0.14,11.0.0.21
1300,667,11.0.0.14,11.0.0.16
1300,667,11.0.0.14,11.0.0.29
1300,667,11.0.0.14,11.0.0.29
1300,667,11.0.0.14,11.0.0.16
1300,667,11.0.0.14,11.0.0.16
1300,667,11.0.0.14,11.0.0.29
1300,668,11.0.0.14,11.0.0.21
1300,668,11.0.0.14,11.0.0.21
1300,668,11.0.0.14,11.0.0.21
1300,669,11.0.0.14,11.0.0.11
1300,670,11.0.0.14,11.0.0.29
1300,670,11.0.0.14,11.0.0.29
1300,671,11.0.0.14,11.0.0.21
1300,671,11.0.0.14,11.0.0.21
1300,671,11.0.0.14,11.0.0.16
1300,672,11.0.0.14,11.0.0.11
1300,672,11.0.0.14,11.0.0.11
1300,673,11.0.0.14,11.0.0.11
1300,673,11.0.0.14,11.0.0.11
1300,674,11.0.0.14,11.0.0.21
1300,674,11.0.0.14,11.0.0.21
1300,675,11.0.0.14,11.0.0.16
1300,675,11.0.0.14,11.0.0.11
1300,677,11.0.0.14,11.0.0.21
1300,677,11.0.0.14,11.0.0.21
1300,677,11.0.0.14,11.0.0.21
1300,678,11.0.0.14,11.0.0.16
1300,678,11.0.0.14,11.0.0.29
1300,678,11.0.0.14,11.0.0.29
1300,678,11.0.0.14,11.0.0.16
1300,678,11.0.0.14,11.0.0.16
1300,680,11.0.0.14,11.0.0.11
1300,680,11.0.0.14,11.0.0.11
1300,681,11.0.0.14,11.0.0.11
1300,681,11.0.0.14,11.0.0.11
1300,682,11.0.0.14,11.0.0.11
1300,682,11.0.0.14,11.0.0.29
1300,682,11.0.0.14,11.0.0.29
1300,682,11.0.0.14,11.0.0.29
1300,683,11.0.0.14,11.0.0.11
1300,683,11.0.0.14,11.0.0.16
1300,683,11.0.0.14,11.0.0.11
1300,683,11.0.0.14,11.0.0.11
1300,683,11.0.0.14,11.0.0.16
1300,684,11.0.0.14,11.0.0.21
1300,684,11.0.0.14,11.0.0.16
1300,684,11.0.0.14,11.0.0.16
1300,684,11.0.0.14,11.0.0.21
1300,686,11.0.0.14,11.0.0.16
1300,686,11.0.0.14,11.0.0.21
1300,686,11.0.0.14,11.0.0.16
1300,686,11.0.0.14,11.0.0.21
1300,688,11.0.0.14,11.0.0.16
1300,688,11.0.0.14,11.0.0.11
1300,688,11.0.0.14,11.0.0.16
1300,688,11.0.0.14,11.0.0.11
1300,689,11.0.0.14,11.0.0.11
1300,689,11.0.0.14,11.0.0.11
1300,690,11.0.0.14,11.0.0.16
1300,690,11.0.0.14,11.0.0.16
1300,690,11.0.0.14,11.0.0.16
1300,691,11.0.0.14,11.0.0.21
1300,691,11.0.0.14,11.0.0.21
1300,691,11.0.0.14,11.0.0.11
1300,691,11.0.0.14,11.0.0.11
1300,691,11.0.0.14,11.0.0.21
1300,694,11.0.0.14,11.0.0.29
1300,694,11.0.0.14,11.0.0.29
1300,694,11.0.0.14,11.0.0.29
1300,696,11.0.0.14,11.0.0.29
1300,698,11.0.0.14,11.0.0.16
1300,698,11.0.0.14,11.0.0.11
1300,698,11.0.0.14,11.0.0.11
1300,699,11.0.0.14,11.0.0.29
1300,701,11.0.0.14,11.0.0.21
1300,701,11.0.0.14,11.0.0.29
1300,701,11.0.0.14,11.0.0.21
1300,701,11.0.0.14,11.0.0.29
1300,701,11.0.0.14,11.0.0.21
1300,701,11.0.0.14,11.0.0.29
1300,703,11.0.0.14,11.0.0.16
1300,703,11.0.0.14,11.0.0.11
1300,703,11.0.0.14,11.0.0.11
1300,703,11.0.0.14,11.0.0.16
1300,703,11.0.0.14,11.0.0.11
1300,704,11.0.0.14,11.0.0.16
1300,704,11.0.0.14,11.0.0.16
1300,704,11.0.0.14,11.0.0.16
1300,705,11.0.0.14,11.0.0.21
1300,705,11.0.0.14,11.0.0.21
1300,705,11.0.0.14,11.0.0.11
1300,705,11.0.0.14,11.0.0.21
1300,705,11.0.0.14,11.0.0.11
1300,706,11.0.0.14,11.0.0.16
1300,706,11.0.0.14,11.0.0.29
1300,706,11.0.0.14,11.0.0.29
1300,706,11.0.0.14,11.0.0.29
1300,706,11.0.0.14,11.0.0.16
1300,709,11.0.0.14,11.0.0.29
1300,709,11.0.0.14,11.0.0.29
1300,709,11.0.0.14,11.0.0.29
1300,712,11.0.0.14,11.0.0.29
1300,713,11.0.0.14,11.0.0.21
1300,713,11.0.0.14,11.0.0.21
1300,713,11.0.0.14,11.0.0.21
1300,714,11.0.0.14,11.0.0.11
1300,714,11.0.0.14,11.0.0.21
1300,714,11.0.0.14,11.0.0.21
1300,714,11.0.0.14,11.0.0.11
1300,715,11.0.0.14,11.0.0.29
1300,715,11.0.0.14,11.0.0.29
1300,717,11.0.0.14,11.0.0.21
1300,717,11.0.0.14,11.0.0.16
1300,717,11.0.0.14,11.0.0.16
1300,718,11.0.0.14,11.0.0.11
1300,718,11.0.0.14,11.0.0.16
1300,718,11.0.0.14,11.0.0.11
1300,718,11.0.0.14,11.0.0.11
1300,718,11.0.0.14,11.0.0.16
1300,721,11.0.0.14,11.0.0.21
1300,723,11.0.0.14,11.0.0.29
1300,723,11.0.0.14,11.0.0.29
1300,723,11.0.0.14,11.0.0.29
1300,724,11.0.0.14,11.0.0.21
1300,724,11.0.0.14,11.0.0.21
1300,724,11.0.0.14,11.0.0.29
1300,725,11.0.0.14,11.0.0.21
1300,725,11.0.0.14,11.0.0.21
1300,727,11.0.0.14,11.0.0.16
1300,727,11.0.0.14,11.0.0.16
1300,727,11.0.0.14,11.0.0.16
1300,728,11.0.0.14,11.0.0.21
1300,728,11.0.0.14,11.0.0.21
1300,729,11.0.0.14,11.0.0.11
1300,729,11.0.0.14,11.0.0.21
1300,729,11.0.0.14,11.0.0.11
1300,729,11.0.0.14,11.0.0.21
1300,729,11.0.0.14,11.0.0.11
1300,730,11.0.0.14,11.0.0.21
1300,730,11.0.0.14,11.0.0.21
1300,731,11.0.0.14,11.0.0.11
1300,731,11.0.0.14,11.0.0.11
1300,731,11.0.0.14,11.0.0.16
1300,731,11.0.0.14,11.0.0.11
1300,731,11.0.0.14,11.0.0.16
1300,731,11.0.0.14,11.0.0.16
1300,733,11.0.0.14,11.0.0.16
1300,733,11.0.0.14,11.0.0.21
1300,734,11.0.0.14,11.0.0.21
1300,734,11.0.0.14,11.0.0.11
1300,734,11.0.0.14,11.0.0.21
1300,735,11.0.0.14,11.0.0.16
1300,735,11.0.0.14,11.0.0.16
1300,736,11.0.0.14,11.0.0.29
1300,736,11.0.0.14,11.0.0.16
1300,736,11.0.0.14,11.0.0.29
1300,736,11.0.0.14,11.0.0.29
1300,739,11.0.0.14,11.0.0.11
1300,739,11.0.0.14,11.0.0.11
1300,739,11.0.0.14,11.0.0.11
1300,741,11.0.0.14,11.0.0.21
1300,741,11.0.0.14,11.0.0.29
1300,741,11.0.0.14,11.0.0.29
1300,741,11.0.0.14,11.0.0.21
1300,742,11.0.0.14,11.0.0.21
1300,742,11.0.0.14,11.0.0.16
1300,742,11.0.0.14,11.0.0.21
1300,742,11.0.0.14,11.0.0.16
1300,743,11.0.0.14,11.0.0.29
1300,743,11.0.0.14,11.0.0.29
1300,744,11.0.0.14,11.0.0.16
1300,744,11.0.0.14,11.0.0.21
1300,744,11.0.0.14,11.0.0.21
1300,745,11.0.0.14,11.0.0.16
1300,745,11.0.0.14,11.0.0.21
1300,745,11.0.0.14,11.0.0.21
1300,745,11.0.0.14,11.0.0.16
1300,746,11.0.0.14,11.0.0.21
1300,746,11.0.0.14,11.0.0.21
1300,747,11.0.0.14,11.0.0.21
1300,747,11.0.0.14,11.0.0.21
1300,748,11.0.0.14,11.0.0.29
1300,748,11.0.0.14,11.0.0.29
1300,748,11.0.0.14,11.0.0.21
1300,750,11.0.0.14,11.0.0.11
1300,750,11.0.0.14,11.0.0.11
1300,750,11.0.0.14,11.0.0.11
1300,751,11.0.0.14,11.0.0.11
1300,751,11.0.0.14,11.0.0.29
1300,751,11.0.0.14,11.0.0.11
1300,753,11.0.0.14,11.0.0.29
1300,753,11.0.0.14,11.0.0.29
1300,753,11.0.0.14,11.0.0.29
1300,754,11.0.0.14,11.0.0.21
1300,754,11.0.0.14,11.0.0.21
1300,754,11.0.0.14,11.0.0.29
1300,755,11.0.0.14,11.0.0.11
1300,755,11.0.0.14,11.0.0.11
1300,755,11.0.0.14,11.0.0.11
1300,756,11.0.0.14,11.0.0.29
1300,756,11.0.0.14,11.0.0.21
1300,756,11.0.0.14,11.0.0.21
1300,756,11.0.0.14,11.0.0.29
1300,757,11.0.0.14,11.0.0.29
1300,757,11.0.0.14,11.0.0.29
1300,760,11.0.0.14,11.0.0.16
1300,761,11.0.0.14,11.0.0.16
1300,761,11.0.0.14,11.0.0.21
1300,761,11.0.0.14,11.0.0.16
1300,761,11.0.0.14,11.0.0.16
1300,761,11.0.0.14,11.0.0.21
1300,762,11.0.0.14,11.0.0.29
1300,762,11.0.0.14,11.0.0.29
1300,763,11.0.0.14,11.0.0.21
1300,763,11.0.0.14,11.0.0.11
1300,763,11.0.0.14,11.0.0.11
1300,763,11.0.0.14,11.0.0.11
1300,764,11.0.0.14,11.0.0.29
1300,764,11.0.0.14,11.0.0.21
1300,764,11.0.0.14,11.0.0.21
1300,764,11.0.0.14,11.0.0.21
1300,764,11.0.0.14,11.0.0.29
1300,767,11.0.0.14,11.0.0.21
1300,769,11.0.0.14,11.0.0.21
1300,769,11.0.0.14,11.0.0.21
1300,771,11.0.0.14,11.0.0.16
1300,771,11.0.0.14,11.0.0.29
1300,771,11.0.0.14,11.0.0.16
1300,771,11.0.0.14,11.0.0.29
1300,772,11.0.0.14,11.0.0.16
1300,773,11.0.0.14,11.0.0.29
1300,773,11.0.0.14,11.0.0.29
1300,773,11.0.0.14,11.0.0.21
1300,773,11.0.0.14,11.0.0.21
1300,773,11.0.0.14,11.0.0.29
1300,773,11.0.0.14,11.0.0.21
1300,775,11.0.0.14,11.0.0.21
1300,775,11.0.0.14,11.0.0.11
1300,775,11.0.0.14,11.0.0.11
1300,775,11.0.0.14,11.0.0.21
1300,776,11.0.0.14,11.0.0.21
1300,776,11.0.0.14,11.0.0.21
1300,779,11.0.0.14,11.0.0.11
1300,779,11.0.0.14,11.0.0.16
1300,780,11.0.0.14,11.0.0.29
1300,780,11.0.0.14,11.0.0.16
1300,780,11.0.0.14,11.0.0.16
1300,780,11.0.0.14,11.0.0.29
1300,780,11.0.0.14,11.0.0.16
1300,781,11.0.0.14,11.0.0.16
1300,781,11.0.0.14,11.0.0.16
1300,781,11.0.0.14,11.0.0.29
1300,781,11.0.0.14,11.0.0.29
1300,781,11.0.0.14,11.0.0.16
1300,782,11.0.0.14,11.0.0.11
1300,782,11.0.0.14,11.0.0.21
1300,782,11.0.0.14,11.0.0.21
1300,782,11.0.0.14,11.0.0.11
1300,785,11.0.0.14,11.0.0.29
1300,785,11.0.0.14,11.0.0.29
1300,788,11.0.0.14,11.0.0.21
1300,788,11.0.0.14,11.0.0.21
1300,789,11.0.0.14,11.0.0.11
1300,789,11.0.0.14,11.0.0.16
1300,789,11.0.0.14,11.0.0.11
1300,789,11.0.0.14,11.0.0.16
1300,789,11.0.0.14,11.0.0.16
1300,790,11.0.0.14,11.0.0.16
1300,790,11.0.0.14,11.0.0.16
1300,790,11.0.0.14,11.0.0.16
1300,791,11.0.0.14,11.0.0.29
1300,791,11.0.0.14,11.0.0.11
1300,791,11.0.0.14,11.0.0.29
1300,791,11.0.0.14,11.0.0.11
1300,794,11.0.0.14,11.0.0.29
1300,794,11.0.0.14,11.0.0.29
1300,795,11.0.0.14,11.0.0.11
1300,795,11.0.0.14,11.0.0.29
1300,796,11.0.0.14,11.0.0.29
1300,796,11.0.0.14,11.0.0.21
1300,796,11.0.0.14,11.0.0.21
1300,796,11.0.0.14,11.0.0.29
1300,796,11.0.0.14,11.0.0.21
1300,798,11.0.0.14,11.0.0.11
1300,799,11.0.0.14,11.0.0.11
1300,799,11.0.0.14,11.0.0.11
